-- ========================================

-- 스마트 팩토리 샘플 데이터 삽입 (중복 방지)

-- Database: smart_factory

-- ========================================



-- ========================================

-- 1. 마스터 데이터 삽입 (중복 방지)

-- ========================================



-- 공정별 머신 정보 초기 데이터 (INSERT IGNORE 사용)

INSERT IGNORE INTO process_machine_info (pm_id, process_name, machine_name, standard_cycle_time, description) VALUES
('PM001', '주조', '주조기1', 3600, '금속 용해 및 주조 장비 1호기'),
('PM002', '주조', '주조기2', 3600, '금속 용해 및 주조 장비 2호기'),
('PM003', '주조', '주조기3', 3600, '금속 용해 및 주조 장비 3호기'),
('PM004', '가공', '가공기1', 1800, '정밀 가공 및 성형 장비 1호기'),
('PM005', '가공', '가공기2', 1800, '정밀 가공 및 성형 장비 2호기'),
('PM006', '검사', '검사장비', 900, '품질 검사 및 측정 장비'),
('PM007', '조립', '조립기', 1200, '부품 조립 및 결합 장비'),
('PM008', '포장', '포장기', 600, '자동 포장 및 밀봉 장비');

-- 공장 운영시간 초기 데이터 (ON DUPLICATE KEY UPDATE 사용)
INSERT INTO operation_schedule (schedule_type, start_time, end_time, description) VALUES
('운영시간', '06:00:00', '23:00:00', '일일 총 운영시간 17시간'),
('점심시간', '12:00:00', '13:00:00', '휴게시간 (비가동)'),
('저녁시간', '19:00:00', '20:00:00', '휴게시간 (비가동)')
ON DUPLICATE KEY UPDATE
start_time = VALUES(start_time),
end_time = VALUES(end_time),
description = VALUES(description);

-- ========================================
-- 2. 환경 데이터 샘플 (중복 방지)
-- ========================================
INSERT IGNORE INTO environment_data (timestamp, temperature, humidity) VALUES
('2025-08-26 06:00:00', 22.5, 45.2),
('2025-08-26 07:00:00', 24.6, 48.3),
('2025-08-26 08:00:00', 26.2, 51.2),
('2025-08-26 09:00:00', 27.1, 52.8),
('2025-08-26 10:00:00', 28.3, 54.5),
('2025-08-26 11:00:00', 29.2, 56.1),
('2025-08-26 12:00:00', 30.1, 58.3),
('2025-08-26 13:00:00', 29.8, 57.9),
('2025-08-26 14:00:00', 29.5, 57.2),
('2025-08-26 15:00:00', 29.1, 56.8),
('2025-08-26 16:00:00', 28.7, 55.9),
('2025-08-26 17:00:00', 28.2, 55.1),
('2025-08-26 18:00:00', 27.8, 54.3),
('2025-08-26 19:00:00', 27.3, 53.7),
('2025-08-26 20:00:00', 26.9, 52.9),
('2025-08-26 21:00:00', 26.4, 52.1),
('2025-08-26 22:00:00', 25.8, 51.3),
('2025-08-26 23:00:00', 25.2, 50.5),
('2025-08-24 12:00:00', 29.7, 57.8),
('2025-08-24 18:00:00', 27.5, 53.9);

-- ========================================
-- 3. 생산 실적 샘플 데이터
-- ========================================
INSERT IGNORE INTO production_data (timestamp, pm_id, completed_quantity, cycle_time, quality_grade) VALUES
-- PM001 주조기1
('2025-08-26 07:15:00', 'PM001', 1, 3720, 'A'),
('2025-08-26 08:22:00', 'PM001', 1, 3650, 'A'),
('2025-08-26 09:35:00', 'PM001', 1, 3580, 'B'),
('2025-08-26 10:48:00', 'PM001', 1, 3690, 'NG'),
('2025-08-26 12:05:00', 'PM001', 1, 3750, 'A'),
('2025-08-26 14:12:00', 'PM001', 1, 3620, 'A'),

-- PM002 주조기2
('2025-08-26 07:20:00', 'PM002', 1, 3680, 'A'),
('2025-08-26 08:25:00', 'PM002', 1, 3590, 'A'),
('2025-08-26 09:42:00', 'PM002', 1, 3720, 'A'),
('2025-08-26 10:55:00', 'PM002', 1, 3640, 'B'),

-- PM004 가공기1
('2025-08-26 06:35:00', 'PM004', 2, 1750, 'A'),
('2025-08-26 07:05:00', 'PM004', 2, 1820, 'A'),
('2025-08-26 07:35:00', 'PM004', 2, 1780, 'B'),
('2025-08-26 08:10:00', 'PM004', 2, 1850, 'A'),

-- PM006 검사장비
('2025-08-26 06:20:00', 'PM006', 5, 880, 'A'),
('2025-08-26 06:35:00', 'PM006', 5, 920, 'A'),
('2025-08-26 06:50:00', 'PM006', 5, 890, 'NG'),
('2025-08-26 07:08:00', 'PM006', 4, 950, 'B'),

-- PM008 포장기
('2025-08-26 06:15:00', 'PM008', 10, 580, 'A'),
('2025-08-26 06:25:00', 'PM008', 10, 620, 'A'),
('2025-08-26 06:35:00', 'PM008', 10, 590, 'NG'),
('2025-08-26 06:48:00', 'PM008', 8, 650, 'B');

-- ========================================
-- 4. 전력 데이터 샘플
-- ========================================
INSERT IGNORE INTO power_data (timestamp, pm_id, power_consumption, voltage, current_value) VALUES
-- 주조기 (고전력)
('2025-08-26 06:00:00', 'PM001', 45.2, 380.5, 68.9),
('2025-08-26 06:01:00', 'PM001', 47.8, 381.2, 71.2),
('2025-08-26 06:02:00', 'PM001', 46.5, 380.8, 69.8),
('2025-08-26 06:00:00', 'PM002', 44.8, 379.8, 68.2),
('2025-08-26 06:01:00', 'PM002', 46.2, 380.4, 69.9),

-- 가공기 (중간 전력)
('2025-08-26 06:00:00', 'PM004', 28.5, 220.3, 39.2),
('2025-08-26 06:01:00', 'PM004', 29.1, 220.8, 39.8),
('2025-08-26 06:00:00', 'PM005', 27.8, 219.8, 38.9),
('2025-08-26 06:01:00', 'PM005', 29.5, 220.9, 40.1),

-- 검사장비 (저전력)
('2025-08-26 06:00:00', 'PM006', 12.3, 220.1, 16.8),
('2025-08-26 06:01:00', 'PM006', 11.9, 219.8, 16.4),

-- 조립기
('2025-08-26 06:00:00', 'PM007', 18.5, 220.2, 25.3),
('2025-08-26 06:01:00', 'PM007', 19.1, 220.6, 25.9),

-- 포장기 (최저 전력)
('2025-08-26 06:00:00', 'PM008', 8.2, 220.0, 11.3),
('2025-08-26 06:01:00', 'PM008', 8.6, 220.2, 11.7);

-- ========================================
-- 5. 진동 데이터 샘플
-- ========================================
INSERT IGNORE INTO vibration_data (timestamp, pm_id, vibration_x, vibration_y, vibration_z, rms_value, peak_value) VALUES
-- 정상 운전 상태
('2025-08-26 16:00:00', 'PM001', 2.15, 1.98, 2.32, 2.18, 4.85),
('2025-08-26 16:00:10', 'PM001', 2.08, 2.12, 2.18, 2.13, 4.72),
('2025-08-26 16:00:20', 'PM001', 2.22, 1.89, 2.41, 2.21, 5.01),

-- 약간 높은 진동
('2025-08-26 16:00:00', 'PM002', 3.22, 2.98, 3.45, 3.25, 7.12),
('2025-08-26 16:00:10', 'PM002', 3.18, 3.05, 3.38, 3.22, 6.98),

-- 가공기 정상 진동
('2025-08-26 16:00:00', 'PM004', 1.85, 1.72, 1.98, 1.87, 3.95),
('2025-08-26 16:00:10', 'PM004', 1.78, 1.89, 1.82, 1.83, 3.78),

-- 검사장비 낮은 진동
('2025-08-26 16:00:00', 'PM006', 0.45, 0.52, 0.38, 0.46, 0.89),
('2025-08-26 16:00:10', 'PM006', 0.41, 0.48, 0.43, 0.44, 0.85),

-- 조립기 중간 진동
('2025-08-26 16:00:00', 'PM007', 1.25, 1.38, 1.12, 1.26, 2.58),
('2025-08-26 16:00:10', 'PM007', 1.32, 1.29, 1.41, 1.34, 2.78),

-- 포장기 낮은 진동
('2025-08-26 16:00:00', 'PM008', 0.78, 0.85, 0.71, 0.78, 1.52),
('2025-08-26 16:00:10', 'PM008', 0.82, 0.79, 0.88, 0.83, 1.65);


-- ========================================

-- 6. 머신 가동상태 데이터 샘플

-- ========================================

INSERT IGNORE INTO machine_status_data (timestamp, pm_id, status, status_duration, error_code) VALUES

('2025-08-26 06:00:00', 'PM001', 1, 0, NULL),
('2025-08-26 06:00:00', 'PM002', 1, 0, NULL),
('2025-08-26 06:00:00', 'PM003', 1, 0, NULL),
('2025-08-26 06:00:00', 'PM004', 1, 0, NULL),
('2025-08-26 06:00:00', 'PM005', 1, 0, NULL),
('2025-08-26 06:00:00', 'PM006', 1, 0, NULL),
('2025-08-26 06:00:00', 'PM007', 1, 0, NULL),
('2025-08-26 06:00:00', 'PM008', 1, 0, NULL),
('2025-08-26 06:18:23', 'PM006', 0, 0, NULL),
('2025-08-26 06:35:41', 'PM002', 2, 280, 'MAINT001'),
('2025-08-26 06:47:05', 'PM005', 0, 0, NULL),
('2025-08-26 07:11:15', 'PM004', 0, 0, NULL),
('2025-08-26 07:23:59', 'PM006', 1, 550, NULL),
('2025-08-26 07:44:12', 'PM008', 2, 690, 'MAINT001'),
('2025-08-26 08:05:00', 'PM003', 0, 0, NULL),
('2025-08-26 08:16:34', 'PM005', 1, 910, NULL),
('2025-08-26 08:30:11', 'PM007', 2, 820, 'MAINT001'),
('2025-08-26 08:52:45', 'PM002', 1, 1050, NULL),
('2025-08-26 09:07:33', 'PM004', 1, 1100, NULL),
('2025-08-26 09:25:50', 'PM001', 0, 0, NULL),
('2025-08-26 09:41:09', 'PM008', 1, 1340, NULL),
('2025-08-26 09:55:27', 'PM003', 1, 1280, NULL),
('2025-08-26 10:15:45', 'PM006', 0, 0, NULL),
('2025-08-26 10:32:01', 'PM005', 0, 0, NULL),
('2025-08-26 10:48:19', 'PM002', 0, 0, NULL),
('2025-08-26 11:05:30', 'PM007', 1, 1550, NULL),
('2025-08-26 11:24:44', 'PM001', 1, 1690, NULL),
('2025-08-26 11:40:59', 'PM004', 0, 0, NULL),
('2025-08-26 11:58:10', 'PM003', 2, 1850, 'MAINT001'),
('2025-08-26 12:15:37', 'PM006', 1, 1920, NULL),
('2025-08-26 12:30:00', 'PM008', 0, 0, NULL),
('2025-08-26 12:45:11', 'PM005', 1, 2030, NULL),
('2025-08-26 13:02:29', 'PM002', 1, 2150, NULL),
('2025-08-26 13:20:45', 'PM007', 0, 0, NULL),
('2025-08-26 13:35:10', 'PM001', 2, 2280, 'MAINT001'),
('2025-08-26 13:51:22', 'PM004', 1, 2350, NULL),
('2025-08-26 14:08:33', 'PM003', 1, 2410, NULL),
('2025-08-26 14:25:47', 'PM006', 0, 0, NULL),
('2025-08-26 14:40:01', 'PM008', 1, 2560, NULL),
('2025-08-26 14:57:15', 'PM005', 2, 2690, 'MAINT001'),
('2025-08-26 15:15:31', 'PM002', 2, 2810, 'MAINT001'),
('2025-08-26 15:30:44', 'PM007', 1, 2900, NULL),
('2025-08-26 15:48:55', 'PM001', 1, 3050, NULL),
('2025-08-26 16:05:07', 'PM004', 2, 3180, 'MAINT001'),
('2025-08-26 16:20:19', 'PM003', 0, 0, NULL),
('2025-08-26 16:38:32', 'PM006', 1, 3250, NULL),
('2025-08-26 16:55:41', 'PM008', 0, 0, NULL),
('2025-08-26 17:10:53', 'PM005', 1, 3380, NULL),
('2025-08-26 17:28:09', 'PM002', 1, 3450, NULL),
('2025-08-26 17:45:22', 'PM007', 0, 0, NULL),
('2025-08-26 18:03:36', 'PM001', 0, 0, NULL),
('2025-08-26 18:20:50', 'PM004', 1, 3600, NULL),
('2025-08-26 18:38:05', 'PM003', 1, 3690, NULL),
('2025-08-26 18:55:18', 'PM006', 0, 0, NULL),
('2025-08-26 19:10:30', 'PM008', 1, 3750, NULL),
('2025-08-26 19:28:44', 'PM005', 0, 0, NULL),
('2025-08-26 19:45:59', 'PM002', 0, 0, NULL),
('2025-08-26 20:03:13', 'PM007', 1, 3900, NULL),
('2025-08-26 20:20:25', 'PM001', 1, 3970, NULL),
('2025-08-26 20:38:39', 'PM004', 0, 0, NULL),
('2025-08-26 20:55:54', 'PM003', 0, 0, NULL),
('2025-08-26 21:10:08', 'PM006', 1, 4050, NULL),
('2025-08-26 21:28:22', 'PM008', 0, 0, NULL),
('2025-08-26 21:45:36', 'PM005', 1, 4180, NULL),
('2025-08-26 22:03:51', 'PM002', 1, 4250, NULL),
('2025-08-26 22:20:06', 'PM007', 0, 0, NULL),
('2025-08-26 22:38:20', 'PM001', 0, 0, NULL),
('2025-08-26 22:55:35', 'PM004', 1, 4320, NULL),
('2025-08-26 23:00:00', 'PM001', 0, 0, NULL),
('2025-08-26 23:00:00', 'PM002', 0, 0, NULL),
('2025-08-26 23:00:00', 'PM003', 0, 0, NULL),
('2025-08-26 23:00:00', 'PM004', 0, 0, NULL),
('2025-08-26 23:00:00', 'PM005', 0, 0, NULL),
('2025-08-26 23:00:00', 'PM006', 0, 0, NULL),
('2025-08-26 23:00:00', 'PM007', 0, 0, NULL),
('2025-08-26 23:00:00', 'PM008', 0, 0, NULL);



-- 데이터 삽입 완료 확인

SELECT 'Smart Factory sample data inserted successfully!' as completion_message;